words,counts
body height,140
waist-hip ratio,127
cholesterol measurement,102
blood pressure,101
waist circumference,93
hip circumference,89
type diabetes,85
phenotypes body,81
BMI-adjusted hip,79
BMI-adjusted waist-hip,77
BMI-adjusted waist,76
lean mass,60
systolic blood,59
appendicular lean,56
Phenotypes body,45
body mass,44
triglyceride measurement,41
circumference BMI-adjusted,40
diastolic blood,39
body weight,37
microbiome measurement,34
total cholesterol,34
HDL cholesterol,34
gut microbiome,32
ratio BMI-adjusted,31
binding activity,30
measurement BMI-adjusted,29
LDL cholesterol,28
diabetes mellitus,27
Encodes protein,26
mass index,25
body fat,23
measurement body,23
circumference body,21
height appendicular,20
phenotypes BMI-adjusted,20
phenotypes BMI,18
encodes member,18
measurement total,17
mass BMI-adjusted,16
body BMI-adjusted,16
activity Phenotypes,16
mass body,16
phenotypes type,15
BMI body,15
Phenotypes type,15
pressure BMI-adjusted,15
height BMI-adjusted,15
height BMI,14
measurement type,14
bone mineral,14
height body,14
glucose measurement,13
phenotypes gut,13
phenotypes systolic,13
phenotypes triglyceride,13
Phenotypes BMI-adjusted,13
mineral density,13
coronary artery,12
fat percentage,12
weight body,12
measurement HDL,11
idiopathic scoliosis,11
circumference systolic,11
pressure diastolic,11
protein gene,11
phenotypes HDL,11
circumference waist-hip,11
adolescent idiopathic,11
measurement Encodes,11
phenotypes appendicular,11
lean body,11
important role,11
encodes protein,11
fat distribution,11
activity phenotypes,11
artery disease,11
ratio body,10
BMI BMI-adjusted,10
measurement triglyceride,10
ratio waist-hip,10
extracellular matrix,9
gene family,9
Encodes member,9
fatty acid,9
pressure BMI,8
density lipoprotein,8
measurement encodes,8
fat body,8
low density,8
birth weight,8
multiple sclerosis,8
height systolic,8
amino acids,8
blood glucose,8
measurement systolic,8
phenotypes diastolic,8
plasma membrane,7
protein phenotypes,7
central role,7
pressure body,7
cells phenotypes,7
cardiovascular disease,7
family proteins,7
acids phenotypes,7
height gut,7
transcription factor,7
keratin gene,6
mellitus body,6
family Phenotypes,6
protein family,6
RNA polymerase,6
circumference type,6
Protein gene,6
calcium channel,6
transmembrane transporter,6
muscle contraction,6
circumference encodes,6
ratio type,6
acid measurement,6
measurement LDL,6
measurement waist,6
circumference LDL,6
family phenotypes,6
embryonic development,6
ratio appendicular,6
lipoprotein cholesterol,5
pressure appendicular,5
actin cytoskeleton,5
cholestrol measurement,5
Phenotypes adolescent,5
phenotypes LDL,5
measurement BMI,5
measurement diastolic,5
diabetes BMI-adjusted,5
measurement fatty,5
change measurement,5
transporter activity,5
measurement gut,5
tumor suppressor,5
BMI encodes,5
development phenotypes,5
ratio Encodes,5
endoplasmic reticulum,5
skeletal muscle,5
circumference diastolic,5
inflammatory bowel,5
Crohn disease,5
circumference BMI,5
bowel disease,5
insulin measurement,5
pressure type,5
ratio BMI,5
filtration rate,5
height type,5
member keratin,5
Phenotypes BMI,5
regulation phenotypes,4
weight BMI,4
development other,4
excitable membranes,4
protein measurement,4
ratio HDL,4
other extracellular,4
hydrolysis ATP,4
circumference appendicular,4
disease Encodes,4
function Phenotypes,4
components phenotypes,4
membrane Phenotypes,4
testosterone measurement,4
sodium ion,4
diabetes body,4
distribution BMI-adjusted,4
positive regulation,4
measurement waist-hip,4
domain Phenotypes,4
glomerular filtration,4
receptor binding,4
mass diastolic,4
tissues embryonic,4
ratio systolic,4
voltage-dependent sodium,4
transcriptional regulation,4
BMI-adjsuted hip,4
basement membranes,4
key role,4
membranes phenotypes,4
intermediate filaments,4
cell membrane,4
pathway phenotypes,4
signaling phenotypes,4
essential role,4
force minus,4
gene Phenotypes,4
blood protein,4
minus microtubules,4
disease encodes,4
diabetes LDL,4
height waist-hip,4
plays important,4
nervous system,4
migration organization,4
Alzheimer disease,4
organization cells,4
cells tissues,4
weight type,4
attachment migration,4
lipid measurement,4
A1 measurement,4
Phenotypes bone,4
membrane protein,4
protein important,4
Parkinson disease,4
RNA binding,4
muscle phenotypes,4
hemoglobin A1,4
heavy chain,4
schizophrenia Encodes,4
Phenotypes inflammatory,4
development Phenotypes,4
polymerase II,4
high density,4
assembly Phenotypes,4
ratio triglyceride,4
diabetes systolic,4
measurement blood,4
measurement transcriptional,3
weight BMI-adjusted,3
index Encodes,3
release calcium,3
odorant receptor,3
produces force,3
metabolite measurement,3
density cholesterol,3
disease protein,3
cell cycle,3
phenotypes coronary,3
circumference total,3
microtubules phenotypes,3
diabetes Encodes,3
signal transduction,3
index encodes,3
mass type,3
sclerosis body,3
phenotypes waist-hip,3
myosin heavy,3
Ischemic stroke,3
density body,3
fatty acids,3
index body,3
height HDL,3
mellitus BMI-adjusted,3
height cardiovascular,3
height birth,3
autism spectrum,3
spectrum disorder,3
diabetes functions,3
Phenotypes blood,3
keratin intermediate,3
BMI measurement,3
longitudinal BMI,3
measurement regulates,3
body waist-hip,3
metabolic process,3
encoded protein,3
E3 ubiquitin-protein,3
hyaline cartilage,3
component hyaline,3
heart rate,3
proteins phenotypes,3
superfamily phenotypes,3
plays role,3
receptor phenotypes,3
mass encodes,3
role immune,3
immune system,3
system peptides,3
integral component,3
component membrane,3
disease Crohn,3
Phenotypes waist-hip,3
chain family,3
height encodes,3
gene phenotypes,3
BMI total,3
ion permeability,3
Phenotypes psoriasis,3
BMI appendicular,3
hemoglobin measurement,3
pressure triglyceride,3
permeability excitable,3
potassium channel,3
circumference HDL,3
structural component,3
chronic kidney,3
transporter ABC,3
membrane phenotypes,3
ABC family,3
family transport,3
matrix phenotypes,3
plays essential,3
measurement coronary,3
cerebrospinal fluid,3
Phenotypes multiple,3
ratio lean,3
diabetes glucose,3
ion binding,3
mass Encodes,3
particle size,3
size measurement,3
phenotypes total,3
CAD Encodes,3
matrix components,3
cytoplasm phenotypes,3
reticulum cytoplasm,3
sarcoplasmic reticulum,3
calcium sarcoplasmic,3
kidney disease,3
system phenotypes,3
proteins Phenotypes,3
mass waist-hip,3
diabetes total,3
cholesterol change,3
inner ear,3
HbA1c measurement,3
vital capacity,3
percentage type,2
measurement glucose,2
regulatory subunit,2
sodium-independent transport,2
glucose tolerance,2
cytoskeleton phenotypes,2
tolerance test,2
matrix proteins,2
cystine neutral,2
transport cystine,2
index BMI-adjusted,2
lupus erythematosus,2
catalyzes ATP-dependent,2
Phenotypes waist,2
percentage CAD,2
percentage BMI,2
membrane hydrolysis,2
HDL cholestrol,2
body plays,2
pressure attachment,2
measurement promotes,2
diabetes obesity,2
weight systolic,2
phenotypes BMI-adjsuted,2
actin filament,2
activator activity,2
signals Phenotypes,2
Phenotypes insulin,2
phenotypes fat,2
protein binding,2
growth factor,2
extracellular proteins,2
homeostasis inorganic,2
pressure systolic,2
formation phenotypes,2
domains Phenotypes,2
diabetes HDL,2
domain phenotypes,2
acts component,2
pressure plays,2
circumference acts,2
dibasic amino,2
BMI-adjsuted waist-hip,2
inorganic ion,2
5-phosphatase activity,2
BMI lean,2
mass gut,2
process protein,2
protein processing,2
platelet volume,2
neutral dibasic,2
mean platelet,2
ligase phenotypes,2
ubiquitin-protein ligase,2
hair cells,2
mellitus multiple,2
function phenotypes,2
high-affinity sodium-independent,2
organic anions,2
ATP phenotypes,2
index waist-hip,2
height LDL,2
Phenotypes chronic,2
measurement schizophrenia,2
phenotypes waist,2
ATP-dependent transporter,2
measurement testosterone,2
leaflet membrane,2
unconventional myosin,2
complex retrograde,2
diet measurement,2
Phenotypes hemoglobin,2
ratio component,2
measurement Ischemic,2
necessary cell,2
Phenotypes total,2
calcium ions,2
glomerular basement,2
component glomerular,2
total blood,2
major structural,2
Phenotypes systemic,2
channel release,2
systemic lupus,2
pressure role,2
role interactions,2
GTPase phenotypes,2
peptides extracellular,2
apoptotic cells,2
cell proliferation,2
cell migration,2
negative regulation,2
activity negative,2
genes Phenotypes,2
measurement role,2
BMI microbiome,2
fertilization phenotypes,2
beta chain,2
Enables activity,2
mitochondrial membrane,2
pressure lean,2
integral membrane,2
carotid plaque,2
stroke coronary,2
ciliogenesis phenotypes,2
oxidase family,2
plaque build,2
mass BMI,2
type IV,2
IV collagen,2
gradient phenotypes,2
collagen major,2
DNA repair,2
type keratin,2
connectivity nervous,2
dependence symptom,2
plasma cerebrospinal,2
fluid Phenotypes,2
Phenotypes TNF-related,2
TNF-related apoptosis-inducing,2
apoptosis-inducing ligand,2
ligand measurement,2
measurement nicotine,2
mass HDL,2
phenotypes high,2
muscle Phenotypes,2
nicotine dependence,2
symptom count,2
alpha subunit,2
count alcohol,2
alcohol use,2
use disorder,2
very low,2
measurement very,2
large protein,2
protein complex,2
disorder measurement,2
long chain,2
measurement response,2
response exposure,2
pore-forming alpha,2
hormones plasma,2
DNA-binding transcription,2
ratio coronary,2
contraction Phenotypes,2
open-angle glaucoma,2
bone resorption,2
protein component,2
protein transthyretin,2
hyperactivity disorder,2
protein intermediate,2
homo-tetrameric carrier,2
ulcerative colitis,2
carrier protein,2
response phenotypes,2
protein thyroid,2
channel voltage-gated,2
differentiation apoptosis,2
alpha chains,2
cell survival,2
chains type,2
type IX,2
IX collagen,2
thyroid hormones,2
collagen component,2
subfamily H,2
voltage-gated subfamily,2
nuclear export,2
protein DNA,2
complex assembly,2
proliferation differentiation,2
PHF-tau measurement,2
assembly phenotypes,2
height Encodes,2
member family,2
pressure acts,2
diabetes key,2
psoriasis type,2
transmembrane protein,2
protein Phenotypes,2
ligase activity,2
cell types,2
ratio Enables,2
filaments phenotypes,2
Phenotypes vital,2
protein peripheral,2
circumference Encodes,2
ratio measurement,2
anorexia nervosa,2
cytoskeleton organization,2
channel complex,2
second messenger,2
measurement calcium,2
Phenotypes birth,2
blood metabolite,2
protein functions,2
measurement protein,2
GTP binding,2
gene member,2
role cell,2
cellular processes,2
mellitus appendicular,2
hearing vision,2
H4 acetylation,2
metabolism phenotypes,2
complex phenotypes,2
Phenotypes Parkinson,2
transduction phenotypes,2
diabetes acts,2
height plays,2
measurement bone,2
transcription RNA,2
lipoprotein particle,2
activity regulation,2
DNA damage,2
blood insulin,2
epithelial cell,2
epithelial cells,2
BMI LDL,2
homeostasis phenotypes,2
diabetes triglyceride,2
cell adhesion,2
pressure blood,2
activity muscle,2
transthyretin homo-tetrameric,2
low-density lipoprotein,2
root sheath,2
neurotransmitter release,2
organelles actin,2
red cells,2
cells Phenotypes,2
family member,2
measurement obesity,2
calcium ion,2
pressure glucose,2
ratio cardiovascular,2
pressure encodes,2
role final,2
body hydrolyzes,2
receptor gene,2
essential proper,2
proper assembly,2
assembly type,2
Alzheimers disease,2
diabetes type,2
keratin protein,2
protein complexes,2
complexes formation,2
formation keratin,2
filaments inner,2
circumference forms,2
BMI transport,2
chain binding,2
height triglyceride,2
deficit hyperactivity,2
weight Encodes,2
attention deficit,2
Phenotypes attention,2
proper connectivity,2
activity enzyme,2
establishment proper,2
pressure waist-hip,2
ratio diastolic,2
development establishment,2
neural development,2
intermediate chain,2
body encodes,2
functions transcription,2
humans mouse,2
gene humans,2
BMI-adjsuted waist,2
height BMI-adjsuted,2
basic amino,2
protein highly,2
cytoskeleton plasma,2
activity dynein,2
inner root,2
late-onset Alzheimers,2
long-chain fatty,2
serine protease,2
member class,2
disease schizophrenia,2
glucose homeostasis,2
mass systolic,2
determination phenotypes,2
cell-fate determination,2
motor activity,2
microfilament motor,2
height enables,2
circumference receptor,2
appendicualr lean,2
height appendicualr,2
nitric oxide,2
peptides Phenotypes,2
blood vessel,2
cell-binding protein,2
circumference voltage-dependent,2
class II,2
DNA binding,2
height waist,2
cell volume,2
epithelia phenotypes,2
filament organization,2
mellitus systolic,2
heavy chains,2
circumference Enables,2
BMI member,2
smooth muscle,2
member myosin,2
nuclear import,1
wide range,1
Enables nuclear,1
F-box protein,1
enable cysteine-type,1
BMI serve,1
scoliosis Protein,1
Phenotypes cognitive,1
import signal,1
membrane enable,1
member F-box,1
mass adolescent,1
other subunits,1
biological activities,1
highly heart,1
heart Phenotypes,1
complex catalytic,1
weight anorexia,1
subunits complex,1
liver Phenotypes,1
gene encodes,1
catalytic core,1
range biological,1
core inner,1
Phenotypes lean,1
nervosa Protein,1
inner mitochondrial,1
serve targets,1
glycine protein,1
protein liver,1
targets small,1
dipeptidase activity,1
activity proteolysis,1
G-protein beta-subunit-like,1
proteolysis Phenotypes,1
beta-subunit-like polypeptide,1
protein integral,1
polypeptide member,1
Cdc42 Rac,1
member WD-repeat,1
WD-repeat protein,1
receptor activity,1
cysteine-type exopeptidase,1
proteins Cdc42,1
encodes G-protein,1
circumference odorant,1
binding proteins,1
Rac wide,1
family encoded,1
decline measurement,1
exopeptidase activity,1
proteins other,1
signal receptor,1
encodes gene,1
gene serine,1
serine glycine,1
membrane proteins,1
small GTP,1
activity dipeptidase,1
cognitive decline,1
activities Phenotypes,1
encodes nucleolar,1
encodes nuclear,1
mast cells,1
degradation endogenous,1
endogenous proteins,1
proteins inactivation,1
inactivation venom-associated,1
venom-associated peptides,1
weight diverticular,1
diverticular disease,1
disease dyslexia,1
dyslexia Sequence,1
Sequence variation,1
variation gene,1
gene differences,1
differences skin,1
skin pigmentation,1
pigmentation Phenotypes,1
index adolescent,1
scoliosis encoded,1
exposure MYPT,1
MYPT isoforms,1
isoforms functions,1
functions PP1c-delta,1
cells degradation,1
protease mast,1
nuclear transcription,1
mature protease,1
striated muscle,1
density oligosaccharide,1
oligosaccharide biding,1
biding activity,1
activity active,1
active extracellular,1
extracellular space,1
space Phenotypes,1
gene Olfactory,1
Olfactory receptor,1
enables transmembrane,1
activity dipeptide,1
dipeptide import,1
import plasma,1
sclerosis conotruncal,1
conotruncal heart,1
heart malformations,1
malformations Encodes,1
Encodes preproprotein,1
preproprotein proteolytically,1
proteolytically mature,1
PP1c-delta phosphatase,1
phosphatase activity,1
activity locus,1
locus MYTP2,1
family p21-stimulated,1
p21-stimulated serine/threonine,1
serine/threonine protein,1
protein kinases,1
kinases amino-terminal,1
amino-terminal Cdc42/Rac,1
Cdc42/Rac interactive,1
interactive binding,1
binding CRIB,1
CRIB domain,1
domain carboxyl-terminal,1
carboxyl-terminal kinase,1
kinase domain,1
index encoded,1
exposure Enables,1
Enables N-terminus,1
N-terminus binding,1
regulation apoptotic,1
apoptotic process,1
protein stablization,1
stablization clathrin,1
preeclampsia encodes,1
Phenotypes preeclampsia,1
tetraspanin family,1
protein-containing complex,1
MYTP2 M20,1
M20 Phenotypes,1
weight coronary,1
disease BMI-adjusted,1
circumference Enzyme,1
Enzyme binding,1
activity low-density,1
particle receptor,1
regulation protein-containing,1
member Kruppel,1
also tetraspanin,1
Kruppel C2H2-type,1
C2H2-type zinc-finger,1
zinc-finger family,1
proteins LDL,1
HDL change,1
ratio gene,1
member transmembrane,1
transmembrane superfamily,1
superfamily also,1
expression striated,1
matrix expression,1
cytoskeleton extracellular,1
transcript variants,1
nitriles organic,1
organic amides,1
amides corresponding,1
corresponding carboxylic,1
carboxylic acids,1
acids ammonia,1
ammonia Phenotypes,1
Phenotypes Alzheimer,1
disease waist-hip,1
ratio odorant,1
disease regulatory,1
subunit distantly,1
distantly phosphoinositide-3-kinase,1
phosphoinositide-3-kinase regulatory,1
subunit gene,1
gene adjacent,1
adjacent gene,1
gene chromosome,1
chromosome protein,1
gene isoforms,1
isoforms alternatively,1
enzymes nitriles,1
nitrilases enzymes,1
plant nitrilases,1
scoliosis body,1
factor NK-linked,1
NK-linked NK-like,1
NK-like NKL,1
NKL subfamily,1
subfamily homeobox,1
homeobox genes,1
scoliosis corneal,1
corneal topography,1
topography scoliosis,1
index Protein,1
bacterial plant,1
gene most,1
most evolutionarily,1
evolutionarily inhibitors,1
inhibitors p53,1
p53 Phenotypes,1
member nitrilase,1
nitrilase family,1
family homology,1
homology bacterial,1
alternatively transcript,1
variants Phenotypes,1
linking actin,1
Phenotypes sex,1
epsilon activity,1
activity maintenance,1
maintenance telomere,1
telomere length,1
length epithelial,1
cell morphogenesis,1
morphogenesis Phenotypes,1
index polycystic,1
polycystic ovary,1
ovary syndrome,1
syndrome encodes,1
encodes component,1
starch Phenotypes,1
dystrophin-glycoprotein complex,1
complex DGC,1
DGC critical,1
critical stability,1
stability muscle,1
muscle fiber,1
fiber membranes,1
membranes linking,1
polymerase epsilon,1
DNA polymerase,1
increase DNA,1
voltage-gated Ca,1
sex hormone-binding,1
hormone-binding globulin,1
globulin measurement,1
measurement apolipoprotein,1
apolipoprotein B,1
B measurement,1
measurement gene,1
gene similar,1
similar voltage-gated,1
Ca Na+,1
stress increase,1
Na+ channels,1
channels only,1
only domains,1
domains S1,1
S1 S6,1
S6 Phenotypes,1
highly cell,1
survival damage,1
damage stress,1
component dystrophin-glycoprotein,1
pressure testosterone,1
digestion starch,1
roles photosensitivity,1
transcription regulatory,1
regulatory region,1
region sequence-specific,1
sequence-specific DNA,1
height microfilament,1
contraction encodes,1
member potassium,1
H Functions,1
Functions neurotransmitter,1
release heart,1
rate insulin,1
insulin secretion,1
secretion neuronal,1
neuronal excitability,1
excitability epithelial,1
epithelial electrolyte,1
electrolyte transport,1
transport smooth,1
contraction cell,1
volume Phenotypes,1
height Hodgkins,1
Hodgkins lymphoma,1
lymphoma Crohn,1
disease systolic,1
essential synergistic,1
II transcription,1
II-specific RNA,1
RNA II-specific,1
molecule activity,1
localization cortex,1
cortex as,1
as well,1
well enable,1
enable PH,1
PH domain,1
domain binding,1
activity cytoskeletal,1
cytoskeletal protein,1
activity structural,1
structural molecule,1
weight calcium,1
activity RNA,1
activity chromatin,1
chromatin binding,1
height stereocilia,1
stereocilia organization,1
organization hair,1
hair bundle,1
bundle formation,1
formation enable,1
enable DNA-binding,1
transcription repressor,1
repressor activity,1
synergistic roles,1
photosensitivity outer,1
steps digestion,1
outer segment,1
measurement BMI-adjsuted,1
mass lean,1
body hydrolysis,1
hydrolysis S-D-lactoyl-glutathione,1
S-D-lactoyl-glutathione glutathione,1
glutathione D-lactic,1
D-lactic acid,1
acid phenotypes,1
disease BMI,1
BMI lipid,1
measurement mediates,1
mediates mitochondrial,1
mitochondrial clustering,1
clustering fusion,1
fusion phenotypes,1
mass alpha-chain,1
alpha-chain multiple,1
multiple sites,1
sites beta-chain,1
beta-chain Lys-53,1
Lys-53 Lys-54,1
Lys-54 not,1
not gamma-chain,1
gamma-chain fibrogen,1
fibrogen phenotypes,1
vision phenotypes,1
development hearing,1
role development,1
CAD generates,1
segment morphogenesis,1
morphogenesis rod,1
rod photoreceptors,1
photoreceptors Phenotypes,1
mellitus autism,1
disorder Myopia,1
Myopia transmembrane,1
activity lipid,1
lipid transport,1
transport Phenotypes,1
ratio CAD,1
generates peroxide,1
mass essential,1
peroxide activity,1
activity TPO,1
TPO LPO,1
LPO phenotypes,1
phenotypes chronic,1
disease stuctural,1
stuctural component,1
cartilage vitreous,1
vitreous eye,1
eye phenotypes,1
height testosterone,1
protein localization,1
regulation protein,1
index positive,1
modification Phenotypes,1
possibly ketone,1
ketone body,1
body biosynthetic,1
biosynthetic process,1
process Enables,1
Enables butyrate-CoA,1
butyrate-CoA ligase,1
activity biomarker,1
biomarker ulcerative,1
colitis Phenotypes,1
protein brain,1
brain neuronal,1
neuronal migration,1
migration functional,1
functional studies,1
studies related,1
related astrotactin,1
astrotactin gene,1
mouse Phenotypes,1
weight adolescent,1
scoliosis BMI-adjusted,1
ratio Phenotypes,1
height alpha,1
alpha heavy,1
chain subunit,1
activity possibly,1
propionate-CoA ligase,1
Enables propionate-CoA,1
member peptidyl,1
kDa kDa,1
kDa subunits,1
subunits mature,1
mature receptor,1
receptor intracellular,1
intracellular signaling,1
signaling lipid,1
lipid homeostasis,1
homeostasis clearance,1
clearance apoptotic,1
cells member,1
peptidyl arginine,1
ions Phenotypes,1
arginine deiminase,1
deiminase family,1
family enzymes,1
enzymes post-translational,1
post-translational deimination,1
deimination proteins,1
proteins arginine,1
arginine residues,1
residues citrullines,1
citrullines presence,1
presence calcium,1
subunit cardiac,1
cardiac myosin,1
myosin Phenotypes,1
idiopathic cardiomyopathy,1
granules natural,1
natural killer,1
killer cells,1
encodes heavy,1
chain myosin,1
myosin II,1
II member,1
member motor-domain,1
motor-domain superfamily,1
superfamily Phenotypes,1
circumference idiopathic,1
cardiomyopathy body,1
assembly cytotoxic,1
weight encodes,1
component conserved,1
conserved oligomeric,1
oligomeric Golgi,1
Golgi COG,1
COG complex,1
complex intracellular,1
intracellular membrane,1
membrane trafficking,1
trafficking glycoprotein,1
glycoprotein modification,1
cytotoxic granules,1
SNARE complex,1
height cardiac,1
support radial,1
cardiac arrhythmia,1
arrhythmia Encodes,1
member polycystin,1
polycystin protein,1
Phenotypes appendicular,1
encodes inner,1
inner dynein,1
dynein arm,1
arm heavy,1
chain structural,1
structural support,1
radial spokes,1
control SNARE,1
spokes outer,1
outer doublet,1
doublet sperm,1
sperm tail,1
tail Phenotypes,1
circumference autism,1
disorder schizophrenia,1
schizophrenia Parkinson,1
protein intracellular,1
intracellular trafficking,1
trafficking control,1
measurement insulin,1
test BMI,1
BMI-adjusted fasting,1
fourth enzymatic,1
pass accordance,1
accordance electrochemical,1
electrochemical gradient,1
ratio instructions,1
instructions thyroglubulin,1
thyroglubulin phenotypes,1
phenotypes autoimmune,1
autoimmune thyroid,1
thyroid disease,1
disease regulates,1
regulates development,1
development cardiomyocyte,1
cardiomyocyte differentiation,1
differentiation negatively,1
negatively Wnt/beta-catenin,1
Wnt/beta-catenin signaling,1
BMI hip,1
forms fibrils,1
fibrils epithelial,1
epithelial basement,1
basement membrane,1
membrane organization,1
organization adherence,1
adherence extracellular,1
proteins such,1
Na+ pass,1
whcih Na+,1
complex whcih,1
beta-glucosidic linkage,1
step ubiquinone-mediated,1
ubiquinone-mediated oxidation,1
oxidation dihydroorotate,1
dihydroorotate pyrimidine,1
pyrimidine biosynthesis,1
biosynthesis Phenotypes,1
measurement haptoglobin,1
haptoglobin measurement,1
encodes lysosomal,1
lysosomal membrane,1
protein beta-glucosidic,1
linkage glycosylceramide,1
sodium channel,1
glycosylceramide phenotypes,1
regulation Notch,1
Notch pathway,1
pathway nuclear,1
export Phenotypes,1
index ATP,1
ATP activity,1
activity pore-forming,1
pore-forming subunit,1
subunit voltage-gated,1
voltage-gated sodium,1
such type,1
collagen phenotypes,1
ratio growth,1
protien member,1
cytoskeletal GTPase,1
height receptor,1
receptor amino,1
acids preference,1
preference basic,1
acids also,1
also small,1
small polar,1
polar amino,1
encodes membrane-associated,1
membrane-associated protien,1
member superfamily,1
diabetes filament-forming,1
superfamily ABC,1
ABC transporters,1
transporters phenotypes,1
pressure fat,1
encodes maltase-glucoamylase,1
maltase-glucoamylase brush,1
brush border,1
border membrane,1
membrane enzyme,1
enzyme role,1
final steps,1
filament-forming cytoskeletal,1
taste transduction,1
factor beta-mediated,1
circumference hip,1
beta-mediated rearrangement,1
rearrangement podocyte,1
podocyte cytoskeleton,1
cytoskeleton reduction,1
reduction F-actin,1
F-actin fibers,1
fibers broadening,1
broadening flattening,1
flattening elongation,1
elongation podocytes,1
podocytes phenotypes,1
circumference binds,1
role taste,1
binds myosin,1
myosin titin,1
titin light,1
light meromyosin,1
meromyosin diabetes,1
diabetes produces,1
microtubules mediates,1
mediates transient,1
transient membrane,1
membrane depolarization,1
depolarization central,1
enzymatic step,1
gene fourth,1
fasting blood,1
mass protein,1
anions such,1
such taurocholate,1
taurocholate estrone,1
estrone sulfate,1
sulfate phenotypes,1
disease essential,1
essential photoresponse,1
photoresponse retinal,1
retinal ON,1
ON bipolar,1
bipolar cells,1
regulates activation,1
activation degradation,1
degradation trypsinogens,1
trypsinogens procarboxypeptidases,1
procarboxypeptidases specific,1
specific cleavage,1
cleavage sites,1
sites zymogen,1
zymogen precursors,1
precursors calcium-dependent,1
calcium-dependent cell-adhesion,1
cell-adhesion protein,1
diabetes metabolism,1
metabolism various,1
import organic,1
ATP-dependent import,1
-3 catalyzes,1
interaction phenotypes,1
measurement hip,1
height blood,1
weight waist,1
circumference peak,1
peak insulin,1
insulin response,1
response measurement,1
role gut,1
gut microbiota-host,1
microbiota-host metabolic,1
metabolic interaction,1
distribution body,1
] -3,1
circumference obese,1
obese BMI,1
BMI status,1
status diet,1
obesity binds,1
binds sequences,1
sequences consensus,1
consensus 5'-CGGA,1
5'-CGGA [,1
[ AT,1
AT ],1
various endogenous,1
endogenous substrates,1
substrates fatty,1
diabetes enable,1
exogenous substrates,1
substrates autophosphorylation,1
autophosphorylation phenotypes,1
BMI major,1
major role,1
role initiation,1
initiation RNA,1
polymerase II-dependent,1
II-dependent transcription,1
transcription phenotypes,1
activity phospholipid,1
enable tropomyosin,1
ablee several,1
tropomyosin binding,1
activity actin,1
organization contraction,1
contraction assembly,1
capacity coronary,1
disease total,1
measurement myocardial,1
myocardial infarction,1
infarction E3,1
measurement boyd,1
boyd height,1
several exogenous,1
sheath ablee,1
acids oxygenated,1
role calcium-dependent,1
oxygenated derivatives,1
derivatives motor,1
motor anterograde,1
anterograde axonal,1
axonal transport,1
transport synaptic,1
synaptic vesicle,1
vesicle precursors,1
precursors phenotypes,1
circumference protein,1
gene central,1
calcium-dependent physiological,1
brain essential,1
physiological responses,1
responses essential,1
essential successful,1
successful fertilization,1
measurement measurement,1
measurement establishment,1
establishment maintenance,1
maintenance specific,1
specific neuronal,1
neuronal connections,1
connections brain,1
clathrin binding,1
calcium release,1
phospholipid binding,1
donor genotype,1
ratio HbA1c,1
schizophrenia COVID-19,1
COVID-19 Encodes,1
protein oxysterols,1
oxysterols cytotoxicity,1
cytotoxicity Phenotypes,1
Phenotypes glomerular,1
rate renal,1
renal transplant,1
transplant outcome,1
outcome measurement,1
measurement donor,1
genotype effect,1
cells macrophages,1
effect measurement,1
schizophrenia cytokine,1
cytokine measurement,1
Encodes BTB/POZ,1
BTB/POZ domain,1
domain contain,1
contain protein,1
protein protein-protein,1
protein-protein interaction,1
interaction Phenotypes,1
Encodes expression,1
expression B,1
sclerosis appendicular,1
erythematosus Protein,1
outer membrane,1
nuclear outer,1
c-Jun N,1
N terminal,1
terminal kinase,1
kinase signal,1
transduction pathway,1
pathway Phenotypes,1
density adolescent,1
scoliosis coronary,1
disease Alzheimer,1
Encodes enzyme,1
enzyme C,1
C 7-8,1
7-8 double,1
double bond,1
bond B,1
B ring,1
ring sterols,1
sterols conversion,1
conversion 7-dehydrocholesterol,1
7-dehydrocholesterol gene,1
gene ubiquitously,1
ubiquitously transmembrane,1
protein endoplasmic,1
reticulum membrane,1
membrane nuclear,1
B cells,1
macrophages LPS,1
N-terminal Src,1
localization export,1
ion homeostasis,1
ion membrane,1
membrane transport,1
transport Phenotyoes,1
Phenotyoes hemoglobin,1
protein predominantly,1
predominantly cytoplasm,1
cytoplasm nucleocytoplasmic,1
nucleocytoplasmic dependent,1
dependent novel,1
novel nuclear,1
nuclear localization,1
export signals,1
LPS Defects,1
mass bone,1
circumference mortality,1
mortality several,1
several functions,1
functions ATP,1
ATP binding,1
dynein intermediate,1
dynein light,1
light intermediate,1
weight waist-hip,1
interactions cytoskeleton,1
circumference CAD,1
volume homeostasis,1
processes cell,1
several processes,1
actvity several,1
Defects gene,1
gene common,1
common variable,1
variable immunodeficency-8,1
immunodeficency-8 autoimmunity,1
autoimmunity Phenotypes,1
Phenotypes triglycerides,1
triglycerides total,1
total lipids,1
lipids ratio,1
ratio low,1
measurement Protein,1
gene keratin,1
family regualtion,1
regualtion transcription,1
II Phenotypes,1
Phenotypes triglyceride,1
"measurement phosphatidylinositol-3,4,5-trisphosphate",1
"phosphatidylinositol-3,4,5-trisphosphate 5-phosphatase",1
"activity phosphatidylinositol-4,5-bisphosphate",1
"phosphatidylinositol-4,5-bisphosphate 5-phosphatase",1
ratio diet,1
schizophrenia protein,1
protein kinase,1
kinase actvity,1
growth c-Jun,1
cell growth,1
protein cell,1
determined function,1
suppression sister,1
sister chromatid,1
chromatid exchanges,1
exchanges maintenance,1
maintenance genotoxic,1
genotoxic stress,1
stress resistance,1
resistance Encodes,1
protein coiled,1
coiled coil,1
coil motif,1
motif determined,1
disease low,1
tissue Phenotypes,1
density clathrin-dependent,1
clathrin-dependent endocytosis,1
endocytosis positive,1
regulation Arp2/3,1
Arp2/3 complex-mediated,1
complex-mediated actin,1
actin nucleation,1
nucleation Phenotypes,1
CAD BMI,1
BMI Encodes,1
role protein,1
protein folding,1
junctions suppression,1
Holliday junctions,1
processing Holliday,1
mass CAD,1
negatively mTORC1,1
mTORC1 signaling,1
disease reguation,1
reguation alternative,1
alternative mRNA,1
mRNA splicing,1
splicing splicesome,1
splicesome Phenotypes,1
psoriasis encodes,1
member ferrodoxin,1
ferrodoxin family,1
phenotypes low,1
lipoprotein cholesterole,1
cholesterole measurement,1
measurement thyroid,1
thyroid hormone,1
hormone measurement,1
measurement regulation,1
regulation actin,1
organization regulation,1
regulation bone,1
resorption regulation,1
regulation osteoclast,1
osteoclast development,1
Phenotypes fat,1
folding cytoprotective,1
cytoprotective role,1
role hypoxia-induced,1
responses Phenotypes,1
measurement integral,1
protein numerous,1
numerous CSPG,1
CSPG repeats,1
repeats Calx-beta,1
Calx-beta domains,1
Phenotypes HbA1c,1
Encodes scaffold,1
scaffold protein,1
protein components,1
components multiple,1
multiple protein,1
complex TNF,1
TNF receptor,1
receptor cytoplasmic,1
cytoplasmic domains,1
domains TNF-induced,1
TNF-induced activation,1
activation Belong,1
Belong family,1
family MACP,1
MACP only,1
only brown,1
brown adipose,1
adipose tissue,1
measurement high,1
antivirus responses,1
hypoxia-induced cellular,1
mitochondrial antivirus,1
cellular perturbation,1
perturbation Phenotypes,1
CAD total,1
measurement high-density,1
high-density lipoprotein,1
protein hormone,1
hormone modulation,1
modulation cardiovascular,1
cardiovascular renal,1
renal function,1
regulates glucose-6-phosphate,1
glucose-6-phosphate transport,1
transport cytoplasm,1
cytoplasm lumen,1
lumen endoplasmic,1
reticulum order,1
order glucose,1
homeostasis Phenotypes,1
percentage total,1
disease Protein,1
gene Encodes,1
protein outer,1
outer mitochondrial,1
membrane regulator,1
regulator mitochondrial,1
protein N-terminal,1
Src homology,1
activity endocytosis,1
Encodes membrane,1
index triglyceride,1
measurement CAD,1
CAD blood,1
Encodes ABC,1
ABC transpoter,1
transpoter protein,1
protein multi-drug,1
multi-drug resistance,1
resistance Phenotypes,1
circumference triglyceride,1
BMI CAD,1
CAD diabetes,1
protein receptor,1
lymphocytes Phenotypes,1
receptor Epstein-Barr,1
Epstein-Barr virus,1
virus EBV,1
EBV B,1
B T,1
T Phenotypes,1
mellitus Alzheimer,1
Encodes post-proline,1
post-proline cleaving,1
cleaving aminopeptidase,1
aminopeptidase protein,1
protein quiescent,1
acetylation Phenotypes,1
acetylation H4,1
H2A acetylation,1
histone H2A,1
nuerons cellular,1
cellular signal,1
signal transducer,1
transducer encodes,1
encodes centrosomal,1
centrosomal protein,1
functions ciliogenesis,1
ciliogenesis Phenotypes,1
protein muscle-specific,1
muscle-specific nucleus,1
nucleus intracellular,1
intracellular trafficing,1
trafficing cytoplasm,1
cytoplasm Fuctions,1
Fuctions homodimer,1
homodimer F,1
F actin,1
actin Phenotypes,1
scoliosis gene,1
gene alpha,1
collagen minor,1
minor 5-20,1
5-20 %,1
% collagen,1
cartilage histone,1
quiescent lymphocytes,1
coronary aneurysm,1
homology SH3,1
surfaces sialic,1
steriod hormones,1
hormones such,1
such testosterone,1
testosterone progesterone,1
progesterone Phenotypes,1
protein lectin-like,1
lectin-like adhesion,1
adhesion molecule,1
molecule glycoconjugate,1
glycoconjugate ligands,1
ligands cell,1
cell surfaces,1
sialic acid-dependent,1
aneurysm Encodes,1
acid-dependent manner,1
manner ABC,1
ABC transporter,1
transporter protein,1
ratio adolescent,1
scoliosis type,1
intermediate filament-associated,1
filament-associated protein,1
protein keratin,1
filaments mammalian,1
mammalian epidermis,1
epidermis Phenotypes,1
well steriod,1
drugs well,1
protein drugs,1
stroke waist-hip,1
protein actin-microtubule,1
actin-microtubule interactions,1
interactions cell,1
cell periphery,1
periphery microtubule,1
microtubule network,1
network cellular,1
cellular junctions,1
junctions Phenotypes,1
mellitus triglyceride,1
measurement hemoglobin,1
index bone,1
density COPD,1
COPD body,1
percentage fat,1
protein smooth,1
muscle myosin,1
myosin myosin,1
family functions,1
functions major,1
major contractile,1
contractile protein,1
Phenotypes omega-6,1
omega-6 polyunsaturated,1
polyunsaturated fatty,1
subfamily nuerons,1
family subfamily,1
tenascin family,1
lymphocyte receptor,1
axoneme assembly,1
circumference glucose,1
glucose metabolism,1
metabolism measurement,1
Encodes N-acetylglucosamine,1
N-acetylglucosamine 6-O,1
6-O sulfotransferase,1
sulfotransferase modification,1
modification glycan,1
glycan strcutures,1
strcutures ligands,1
ligands lymphocyte,1
receptor L-selectin,1
gene tenascin,1
L-selectin Phenotypes,1
protein cytoskeleton,1
cytoskeleton effects,1
effects changes,1
changes cell,1
cell shape,1
shape migration,1
migration Phenotypes,1
erythematosus Encodes,1
member multicopper,1
multicopper oxidase,1
transport dietary,1
index axoneme,1
weight multiple,1
weight birth,1
calcium Phenotypes,1
SH3 tetratricopeptide,1
tetratricopeptide repeat,1
repeat TPR,1
TPR motifs,1
motifs adapter,1
adapter docking,1
docking molecule,1
molecule Phneotypes,1
Phneotypes BMI-adjusted,1
protein thats,1
thats nuclear,1
nuclear transcriptional,1
transcriptional co-activator,1
co-activator receptor,1
receptor alpha,1
alpha Phenotypes,1
height density,1
density Encodes,1
Encodes receptor,1
receptor inositol,1
"inositol 1,4,5-trisphosphate",1
"1,4,5-trisphosphate second",1
messenger release,1
release intracellular,1
intracellular calcium,1
dietary iron,1
iron epithelial,1
cells intesinal,1
ppGalNAc-Ts family,1
role cancer,1
cancer progression,1
progression resposnse,1
resposnse Phenotypes,1
intermediate filament,1
filament IF,1
IF family,1
member Phenotypes,1
measurement carotid,1
build alpha,1
major collagen,1
cartilage Phenotypes,1
ratio glomerular,1
rate Encodes,1
Encodes group,1
group unusually,1
unusually large,1
large proteins,1
proteins multiple,1
multiple structural,1
structural domains,1
mellitus bone,1
mineral content,1
content measurement,1
Encodes gene,1
family role,1
N-acetylgalactosaminyltransferase ppGalNAc-Ts,1
intesinal lumen,1
polypeptide N-acetylgalactosaminyltransferase,1
lumen circulatory,1
circulatory system,1
system copper,1
copper transport,1
transport homeostasis,1
homeostasis kDa,1
kDa subunit,1
subunit NADH,1
NADH ubiquinone,1
ubiquinone oxidoreductase,1
oxidoreductase complex,1
complex large,1
large complex,1
complex least,1
least nuclear,1
nuclear mitochondrial,1
mitochondrial subunits,1
subunits electrons,1
electrons NADH,1
NADH Phenotypes,1
distribution encodes,1
encodes Golgi,1
Golgi protein,1
protein member,1
member polypeptide,1
EIF4EBP1 negatively,1
S6K1 EIF4EBP1,1
phosphorylation S6K1,1
measurement free,1
translocation specific,1
specific phopholipids,1
phopholipids cytoplasmic,1
cytoplasmic extracellular/lumenal,1
extracellular/lumenal leaflet,1
phenotypes measurement,1
ratio lipoprotein,1
lipoprotein measurement,1
measurement phospholipid,1
phospholipid measurement,1
waist cirucumference,1
cirucumference cholesterol,1
free cholesterol,1
"inositol 1,4,5-triphosphate",1
disease lipid,1
LDL particle,1
measurement oxidative,1
oxidative DNA,1
damage repair,1
repair phenotypes,1
BMI intracellular,1
intracellular channel,1
channel calcium,1
proteolytically furin,1
release endoplasmic,1
reticulum stimulation,1
circumference translocation,1
measurement birth,1
circumference metabolite,1
ear high-affinity,1
water-specific channel,1
channel plasma,1
plasma membranes,1
membranes red,1
cells proximal,1
proximal tubules,1
tubules high,1
high permeability,1
permeability water,1
water thereby,1
thereby water,1
water direction,1
direction osmotic,1
osmotic gradient,1
measurement receptor,1
receptor laminin,1
laminin platelets,1
platelets phenotypes,1
height triacylglycerol,1
triacylglycerol measurement,1
measurement glycoprotein,1
glycoprotein specific,1
specific acellular,1
acellular membranes,1
membranes inner,1
stimulation inositol,1
"1,4,5-triphosphate phenotypes",1
stimulated phosphorylation,1
cell death,1
thereby modulates,1
modulates cellular,1
cellular events,1
events phenotypes,1
diabetes intermicrovillar,1
intermicrovillar adhesion,1
adhesion complex,1
complex actin,1
actin core,1
core bundle,1
bundle microvilli,1
microvilli cell,1
death caspases,1
pressure protein,1
caspases E3,1
ratio recognizes,1
recognizes diverse,1
diverse natural,1
natural synthetic,1
synthetic sweeteners,1
sweeteners phenotypes,1
peripheral nerve,1
nerve myelin,1
myelin upkeep,1
upkeep Phenotypes,1
Phenotypes acute,1
"1,4,5-triphosphate thereby",1
"molecule 1,4,5-triphosphate",1
signaling molecule,1
"4,5-biphosphate signaling",1
weight actin,1
filament binding,1
activity microfilament,1
BMI associates,1
associates actin,1
actin cytoskeletal,1
cytoskeletal superstucture,1
superstucture erythrocyte,1
erythrocyte plasma,1
membrane microtubule-binding,1
microtubule-binding protein,1
protein ciliogenesis,1
pressure calcium-regulated,1
calcium-regulated non-lysosomal,1
non-lysosomal thiol-protease,1
thiol-protease limited,1
limited proteolysis,1
proteolysis susbtrates,1
susbtrates cytoskeletal,1
cytoskeletal remodeling,1
remodeling signal,1
circumference regulation,1
regulation cell,1
migration phenotypes,1
"hydrolyzes 4,5-biphosphate",1
forms water-specific,1
BMI forms,1
diastolid blood,1
measurement critical,1
heart inner,1
ear stomach,1
stomach colon,1
colon phenotypes,1
mass glucose,1
circumference birth,1
test BMI-adjusted,1
ratio healthy,1
healthy obesity,1
obesity body,1
body composition,1
composition measurement,1
critical structural,1
pressure diastolid,1
structural role,1
role hemidesmosome,1
hemidesmosome epithelial,1
cells binds,1
binds ATP,1
ATP active,1
active transport,1
transport various,1
various substrates,1
substrates many,1
many drugs,1
drugs toxicants,1
tissues heart,1
number tissues,1
role number,1
channel important,1
endocytosis related,1
related filamin,1
filamin genes,1
genes specifically,1
specifically gamma,1
gamma filamin,1
filamin Phenotypes,1
height inflammatory,1
disease integral,1
height Enables,1
regulation mitotic,1
mitotic cell,1
cycle Phenotypes,1
ratio multiple,1
peripheral membrane,1
protein dystrophin,1
dystrophin dystrophin-related,1
dystrophin-related proteins,1
proteins syntrophin,1
syntrophin gene,1
mellitus CKD,1
CKD centrosome,1
centrosome assembly,1
assembly function,1
body potassium,1
toxicants endogenous,1
endogenous compounds,1
compounds cell,1
drugs diabetes,1
pressure coronary,1
artery calcification,1
calcification protein,1
measurement GTPase-activating,1
GTPase-activating protein,1
protein ADP,1
ADP ribosylation,1
ribosylation factor,1
factor family,1
pressure GPCR,1
GPCR glutamate,1
glutamate phenotypes,1
height central,1
role hair,1
hair nail,1
nail formation,1
formation attachment,1
extracellular matric,1
matric components,1
BMI copper-binding,1
copper-binding glycoprotein,1
glycoprotein ferroxidase,1
ferroxidase activity,1
activity zinc,1
zinc ion,1
diabetes measurement,1
circumference drugs,1
cell membranes,1
calcium phenotypes,1
membranes low,1
low serine,1
serine dehydratase,1
dehydratase threonine,1
threonine dehydratase,1
dehydratase activity,1
transport biogenic,1
biogenic monoamines,1
monoamines such,1
such serotonin,1
serotonin cytoplasm,1
cytoplasm secretory,1
secretory vesicles,1
vesicles neuroendocrine,1
neuroendocrine endocrine,1
endocrine cells,1
cholesterol particle,1
measurement metabolic,1
metabolic syndrome,1
syndrome LDL,1
measurement cholesterol,1
measurement lipid,1
measurement hydrolysis,1
ATP transport,1
transport calcium,1
acute myeloid,1
myeloid leukemia,1
leukemia pulse,1
protein metalloprotein,1
comparitive body,1
body size,1
size self-reported,1
self-reported antigen-presenting,1
antigen-presenting major,1
major histocompatability,1
histocompatability complex,1
complex class,1
class phenotypes,1
cholesterol measurment,1
measurment body,1
percentage BMI-adjusted,1
metalloprotein most,1
factor activity,1
most copper,1
copper plasma,1
plasma peroxidation,1
peroxidation Fe,1
Fe II,1
II transferrin,1
transferrin Fe,1
Fe III,1
III transferrin,1
transferrin pore-forming,1
subunit voltage,1
voltage calcium,1
index comparitive,1
structure genes,1
chromatin structure,1
genes chromatin,1
activity transcription,1
transcription cis-regulatory,1
cis-regulatory region,1
region binding,1
weight lean,1
lean boy,1
boy mass,1
circumference late-onset,1
proteins components,1
components basement,1
membranes role,1
adhesion GDNF-induced,1
GDNF-induced autophosphorylation,1
autophosphorylation activation,1
activation RET,1
RET receptor,1
member SWI/SNF,1
SWI/SNF family,1
proteins members,1
members helicase,1
helicase ATPase,1
ATPase activities,1
activities transcription,1
transcription certain,1
certain genes,1
channel phenotypes,1
phenotypes anorexia,1
nervosa Encodes,1
class trypsin,1
measurement major,1
major subunit,1
subunit RAL-GTPase,1
RAL-GTPase activating,1
activating protein,1
functions recpetor,1
recpetor membrane,1
membrane bound,1
bound JAG1,1
JAG1 JAG2,1
JAG2 DLL1,1
DLL1 cell-fate,1
measurement modulatory,1
modulatory subunit,1
subunit vertebrate,1
vertebrate cyclic,1
cyclic nucleotide-gated,1
nucleotide-gated membrane,1
membrane channels,1
channels odorant,1
odorant signals,1
signals inhibits,1
inhibits nutrient-mediated,1
nutrient-mediated growth-factor,1
growth-factor stimulated,1
trypsin superfamily,1
protease class,1
protein fork,1
transmembrane serine,1
fork head,1
head DNA,1
binding domain,1
domain regulation,1
regulation viral,1
viral cellular,1
cellular promoter,1
promoter elements,1
elements Phenotypes,1
myosin superfamily,1
phenotypes glucose,1
homeostasis measurement,1
glucose effectiveness,1
effectiveness measurement,1
encodes phosphotransferase,1
phosphotransferase reversible,1
reversible phosphorylation,1
phosphorylation adenine,1
adenine nucelotides,1
nucelotides phenotypes,1
role tumorigenesis,1
tumorigenesis phenotypes,1
member type,1
type II,1
II transmembrane,1
enzyme binding,1
enables DNA-binding,1
pulse pressure,1
count hematocrit,1
development enables,1
enables GTP,1
encodes ATP-dependent,1
ATP-dependent metalloprotease,1
metalloprotease post-cleavage,1
post-cleavage mitochondrial,1
mitochondrial transit,1
transit peptides,1
density hemoglobin,1
measurement mean,1
volume monocyte,1
monocyte count,1
hematocrit second,1
alpha1-adrenergic signaling,1
second largest,1
largest subunit,1
subunit RNA,1
polymerase III,1
III polymerase,1
polymerase responsible,1
responsible transfer,1
transfer small,1
small ribosomal,1
ribosomal RNAs,1
RNAs eukaryotes,1
eukaryotes Phenotypes,1
tissue development,1
development tissue,1
projection development,1
morphogenesis projection,1
pressure measurement,1
measurement enables,1
enables RNA,1
height cholesterol,1
cholesterol ester,1
ester measurement,1
measurement Enables,1
Enables beta-catenin,1
beta-catenin binding,1
sclerosis glomerular,1
rate fat,1
mass Crohn,1
disease Ischemic,1
encodes ubiquitously,1
ubiquitously expressed,1
expressed member,1
member TALE/PBX,1
TALE/PBX homeobox,1
homeobox family,1
waist-hip circumference,1
circumference low,1
pressure waist,1
activity animal,1
animal organ,1
organ morphogenesis,1
Phenotypes chronotype,1
chronotype measurement,1
Encodes G-protein,1
small GTP-binding,1
protein RAS,1
RAS superfamily,1
superfamily functions,1
functions ARF,1
ARF phenotypes,1
index cardiovascular,1
member dedicator,1
dedicator cytokinesis,1
cytokinesis protein,1
family belongs,1
belongs Zizimin,1
Zizimin D,1
D subfamily,1
subfamily DOCK,1
DOCK proteins,1
proteins N-terminal,1
N-terminal pleckstrin,1
pleckstrin homology,1
homology domain,1
circumference multiple,1
sclerosis transcription,1
factor cardiac,1
cardiac regulator,1
regulator effector,1
effector alpha1-adrenergic,1
GTP-binding protein,1
encodes small,1
G-protein coupled,1
Measurement encodes,1
coupled receptor,1
receptor activate,1
activate trace,1
trace amines,1
amines Gene,1
Gene primarily,1
primarily functions,1
functions neurologic,1
neurologic systems,1
systems evidence,1
evidence also,1
also blood,1
blood cell,1
cell immunologic,1
immunologic functions,1
functions Enables,1
Enables UDP-sugar,1
UDP-sugar diphosphatase,1
diphosphatase activity,1
activity metal,1
metal ion,1
Phenotypes Immature,1
Immature Reticulocyte,1
Reticulocyte Fraction,1
Fraction Measurement,1
furin kDa,1
Golgi apparatus,1
preprotein proteolytically,1
factor production,1
measurement IGF-1,1
IGF-1 measurement,1
measurement beta-2,1
beta-2 measurement,1
measurement Phenotypes,1
Phenotypes lipid,1
measurement important,1
role recycling,1
recycling proline,1
proline rate-limiting,1
rate-limiting factor,1
production collagen,1
voltage-dependent calcium,1
collagen Phenotypes,1
circumference benzodiazepine,1
benzodiazepine receptor,1
activity fertilization,1
fertilization spermatid,1
spermatid development,1
disease tumor,1
suppressor gene,1
gene growth,1
growth inhibitory,1
inhibitory protein,1
complex Phenotypes,1
protein voltage-dependent,1
secreted protein,1
pre-rRNA processing,1
functions extracellular,1
matrix Phenotypes,1
disease bone,1
role regulation,1
regulation epithelial,1
epithelial ion,1
ion water,1
water transport,1
transport fluid,1
fluid homeostasis,1
circumference pre-rRNA,1
processing ribosomal,1
circumference BMI-adjsuted,1
ribosomal subunit,1
subunit assembly,1
LDL cholestrol,1
circumference participates,1
participates opening,1
opening ion-conducting,1
ion-conducting channels,1
channels plasma,1
membrane comparments,1
comparments relative,1
relative filaments,1
protein hamartin,1
hamartin cytosol,1
cytosol act,1
mitochondrial DNA,1
system polymorphonuclear,1
polymorphonuclear leukocytes,1
leukocytes potential,1
potential suppressor,1
suppressor squamous,1
squamous cell,1
cell carcinomas,1
carcinomas phenotypes,1
obesity gut,1
diabetes replication,1
replication mitochondrial,1
DNA phenotypes,1
act upstream,1
mellitus gut,1
measurement participates,1
participates regulation,1
regulation cellular,1
cellular calcium,1
calcium homeostasis,1
HDL cholestreol,1
cholestreol measurement,1
measurement growth,1
factor early,1
early embryonic,1
defense system,1
host defense,1
part host,1
body part,1
upstream perception,1
perception sound,1
sound phenotypes,1
phenotypes multiple,1
multiple system,1
system atrophy,1
atrophy sleep,1
sleep quality,1
quality transcriptional,1
mass waist,1
II myosin,1
chains pore-forming,1
pore-forming activity,1
final stage,1
stage carbohydrate,1
carbohydrate digestion,1
digestion phenotypes,1
pressure produces,1
measurement transporter,1
transporter import,1
import cytosine,1
cytosine melanosomes,1
melanosomes phenotypes,1
important functions,1
Encodes secreted,1
membrane stabilization,1
L-threonine phenotypes,1
II functions,1
transcription initiation,1
initiation Phenotypes,1
Phenotypes serum,1
serum albumin,1
albumin measurement,1
family encodes,1
encodes second,1
second enzyme,1
enzyme pathway,1
pathway L-threonine,1
distribution probable,1
isoform associates,1
probable inhibitory,1
inhibitory regulator,1
regulator Ras-cyclic,1
Ras-cyclic AMP,1
AMP pathway,1
BMI produces,1
circumference essential,1
essential embryonic,1
embryonic kidney,1
kidney development,1
development hydrolysis,1
associates RNA,1
nuclear isoform,1
scoliosis schizophrenia,1
ratio LDL,1
elements mobilization,1
mobilization phenotypes,1
measurement carrier,1
carrier hyaluronan,1
hyaluronan serum,1
serum protein,1
protein hyaluroan,1
hyaluroan other,1
other matrix,1
distribution HDL,1
membranes BMI-adjusted,1
body nucleolar,1
motors nuclear,1
nucleolar processing,1
processing SSU,1
SSU rRNA,1
rRNA phenotypes,1
diabetes calcium,1
cytoplasm muscle,1
member unconventional,1
myosin protein,1
family actin-based,1
actin-based molecular,1
molecular motors,1
ATP GlcCer,1
GlcCer phenotypes,1
BMI single,1
currents skeletal,1
vertebrate muscles,1
muscles phenotypes,1
ratio pore-forming,1
pore-forming alpha-1S,1
alpha-1S subuit,1
subuit voltage-gated,1
voltage-gated calcium,1
channel rise,1
rise L-type,1
L-type calcium,1
calcium currents,1
BMI improtant,1
single transmembrane,1
improtant regulator,1
regulator normal,1
normal blood,1
vessel development,1
development cell-binding,1
mass carbohydrate,1
carbohydrate metabolic,1
process phosphate,1
phosphate catabolic,1
catabolic process,1
process Phenotypes,1
functioning vertebrate,1
assembly functioning,1
component assembly,1
key component,1
transmembrane TM,1
TM domain,1
domain multiple,1
multiple copies,1
copies immunoglobulin-like,1
immunoglobulin-like plexin-transcription-factor,1
plexin-transcription-factor domain,1
Phenotypes DNA,1
DNA methylation,1
methylation brain,1
brain measurement,1
measurement forms,1
forms gene,1
gene exist,1
exist forms,1
forms most,1
most tissues,1
tissues H,1
H form,1
form not,1
not present,1
present red,1
ratio key,1
development adipose-tissue,1
adipose-tissue homeostasis,1
homeostasis body,1
indian hedgehog,1
forms network,1
network organelles,1
cytoskeleton subcellular,1
subcellular spatial,1
spatial organization,1
organization phenotypes,1
height acts,1
acts receptor,1
receptor sonic,1
sonic hedgehog,1
hedgehog indian,1
hedgehog desert,1
calpain-like protease,1
desert hedgehog,1
hedgehog phenotypes,1
circumference lean,1
acts cell-binding,1
Phenotypes basal,1
basal cell,1
cell carcinoma,1
carcinoma prostate,1
prostate carcinoma,1
carcinoma keratinocyte,1
keratinocyte carcinoma,1
protease domain,1
repeats calpain-like,1
promotes lamina-specific,1
concentration cAMP,1
conjugates phenotypes,1
pressure enzyme,1
enzyme electron,1
electron transfer,1
transfer NADP,1
NADP P450,1
P450 microsomes,1
microsomes phenotypes,1
role signal,1
transduction intracellular,1
intracellular concentration,1
cAMP cGMP,1
zinc-finger-like repeats,1
cGMP phenotypes,1
pressure functions,1
functions phospholipase,1
phospholipase selective,1
selective phosphatidylcholine,1
phosphatidylcholine phenotypes,1
encodes mitochondrial,1
mitochondrial aminoacyl-tRNA,1
aminoacyl-tRNA synthetase,1
synthetase phenotypes,1
protein zinc-finger-like,1
carcinoma non-melanoma,1
non-melanoma skin,1
skin carcinoma,1
potential cell,1
action GnRH,1
GnRH secretion,1
secretion LH,1
LH FSH,1
FSH component,1
component intercellular,1
intercellular bridges,1
bridges meiosis,1
meiosis phenotypes,1
pressure gut,1
measurement potential,1
cell surface,1
carcinoma skin,1
surface bind,1
bind ligands,1
ligands process,1
process receptor-mediated,1
receptor-mediated endocytosis,1
endocytosis phenotypes,1
diabetes BMI,1
pressure tumor,1
suppressor phenotypes,1
circumference plays,1
role localization,1
GnRH action,1
receptor GnRH,1
density receptor,1
glaucoma bone,1
skin neoplasm,1
neoplasm co-chaperone,1
co-chaperone regulator,1
regulator Hsp70,1
Hsp70 chaperone,1
chaperone machinery,1
machinery processign,1
processign other,1
other ataxia-linked,1
ataxia-linked proteins,1
diabetes broad,1
broad substrate,1
substrate specificity,1
specificity ATP-dependent,1
transport long-chain,1
acids intergral,1
intergral component,1
component basement,1
membranes Enables,1
Enables double-stranded,1
double-stranded RNA,1
Phenotypes open-angle,1
glaucoma glaucoma,1
retinal-phosphatidulethanolamine conjugates,1
transport retinal-phosphatidulethanolamine,1
manner transport,1
sunthesis pyruvate,1
transporter epxort,1
epxort copper,1
copper cells,1
circumference catalyzes,1
catalyzes tissue-specific,1
tissue-specific manner,1
manner intitial,1
intitial reactions,1
reactions glucose,1
glucose lipid,1
lipid sunthesis,1
pyruvate BMI-adjusted,1
identities anterior-posterior,1
ratio engulfment,1
engulfment apoptotic,1
circumference sequence-specific,1
sequence-specific transcription,1
factor part,1
part developmental,1
developmental regulatory,1
regulatory system,1
system cells,1
cells specfic,1
specfic positional,1
ion transmembrane,1
copper ion,1
diabetes copper,1
circumfernece type,1
lamina-specific synaptic,1
synaptic connections,1
connections retina,1
retina phenotypes,1
obesity oxidizes,1
oxidizes medium,1
medium long,1
chain aldehydes,1
aldehydes non-toxic,1
non-toxic fatty,1
circumference force,1
diabetes diastolic,1
role axon,1
axon guidance,1
guidance role,1
role myofibrillogenesis,1
myofibrillogenesis phenotypes,1
circumference mediates,1
mediates export,1
export organic,1
anions drugs,1
drugs cytoplasm,1
waist circumfernece,1
positional identities,1
anterior-posterior axis,1
ATP-dependent manner,1
filaments desmosomes,1
translocaton specific,1
specific phospholipids,1
phospholipids cytoplasmic,1
cytoplasmic extracellular'lumenal,1
extracellular'lumenal leaflet,1
pressure interlinks,1
interlinks intermediate,1
filaments microtubules,1
microtubules microfilaments,1
microfilaments anchors,1
anchors filaments,1
desmosomes hemodesmosomes,1
axis phenotypes,1
hemodesmosomes phenotypes,1
measurement appendicular,1
mass binds,1
binds PIP2,1
PIP2 beta,1
chain antigen-presenting,1
antigen-presenting MHCII,1
MHCII molecule,1
molecule phenotypes,1
BMI waist,1
ratio catalyzes,1
obesity translocaton,1
phenotypes obesity,1
straited muscle,1
clusters straited,1
pressure BMI-adjsuted,1
percentage triglyceride,1
circumference complex,1
retrograde ciliary,1
ciliary transport,1
transport entry,1
entry cilia,1
cilia GPCRs,1
GPCRs phenotypes,1
measurement cleaves,1
cleaves collagens,1
collagens types,1
types II,1
II III,1
III site,1
site helical,1
helical domain,1
coronary artry,1
artry disease,1
disease role,1
role assenbly,1
assenbly RYR2,1
RYR2 clusters,1
transposable elements,1
spermatogenesis transposable,1
helicase spermatogenesis,1
respiration calcification,1
survival differentiation,1
apoptosis innate,1
innate immune,1
immune response,1
BMI diastolic,1
pressure Catalyze,1
Catalyze reversible,1
reversible hydration,1
hydration carbon,1
carbon dioxide,1
dioxide respiration,1
calcification acid-base,1
activity participates,1
acid-base balance,1
balance bone,1
resorption formation,1
formation aqueous,1
aqueous humor,1
humor cerebrospinal,1
fluid saliva,1
saliva gastric,1
gastric acid,1
acid plays,1
role selective,1
participates cell,1
disease transmembrane,1
role membrane,1
effector CDC42,1
C-type lectins,1
lectins collagen-like,1
collagen-like sequences,1
sequences recognition,1
recognition domains,1
domains phenotypes,1
density cholestrol,1
measurement low,1
lipoprotein cholestrol,1
pressure downstream,1
downstream effector,1
CDC42 cytoskeletal,1
circumference cardiovascular,1
cytoskeletal reorganization,1
reorganization phenotypes,1
protein part,1
part post-splicing,1
post-splicing multiprotein,1
multiprotein complex,1
complex mRNA,1
mRNA nuclear,1
export mRNA,1
mRNA surveillance,1
surveillance phenotypes,1
selective transport,1
transport cell,1
measurement key,1
intestinal epithelia,1
phenotypes hip,1
family Golgi,1
Golgi membranes,1
membranes cytoskeleton,1
cytoskeleton BMI-adjsuted,1
hip circumfernece,1
circumfernece BMI-adjusted,1
myosin gene,1
circumference maintains,1
maintains filament,1
organization intestinal,1
height rate-controlling,1
role blood,1
rate-controlling enzyme,1
enzyme long-chain,1
acid beta-oxidation,1
beta-oxidation pathway,1
pathway muscle,1
muscle mitochondria,1
mitochondria mediates,1
mediates sodium,1
sodium calcium,1
calcium influx,1
influx phenotypes,1
protease phenotypes,1
family serine,1
weight triglyceride,1
compounds phenotypes,1
vessel formation,1
formation vascular,1
vascular structure,1
structure phenotypes,1
receptor membrane-bound,1
membrane-bound ligands,1
ligands Jagged1,1
Jagged1 Jagged2,1
Jagged2 Delta1,1
Delta1 cell-fate,1
phenotypes appendocular,1
appendocular lean,1
mass triglyceride,1
ratio hip,1
BMI-adjusted waidt,1
waidt circumference,1
functions formation,1
formation pigments,1
pigments such,1
such melanins,1
melanins other,1
other polyphenolic,1
polyphenolic compounds,1
famiy C-type,1
collectin famiy,1
member collectin,1
main classes,1
factor specification,1
specification neuronal,1
neuronal cell,1
types integral,1
membrane Catalyze,1
Catalyze hydrolysis,1
hydrolysis broad,1
broad range,1
range bioactive,1
bioactive lipids,1
lipids main,1
classes fatty,1
precursor sialic,1
acid amides,1
amides N-acylethanolamines,1
N-acylethanolamines fatty,1
acid primary,1
primary amides,1
amides N-acyl,1
N-acyl amino,1
height hemoglobin,1
gene regulates,1
regulates biosynthesis,1
biosynthesis NeuAc,1
meausrement transcription,1
area meausrement,1
surface area,1
cortical surface,1
RNA-associated protein,1
functions bone,1
bone formation,1
formation skeletal,1
skeletal development,1
disease longitudinal,1
channel activity,1
activity microtubule,1
microtubule cytoskeleton,1
organization protein,1
protein polyglutamylation,1
polyglutamylation Phenotypes,1
bone denisity,1
denisity cancer,1
cancer Degrades,1
Degrades dietary,1
dietary proteins,1
proteins trans-3-hydroxy-L-proline,1
trans-3-hydroxy-L-proline collagen,1
collagen IV,1
IV Phenotypes,1
Phenotypes visual,1
visual cortical,1
NeuAc precursor,1
sialic acids,1
lumen encodes,1
alteration RNA,1
encodes enzyme,1
enzyme key,1
key glycogen,1
glycogen metabolism,1
measurement putative,1
putative RNA,1
RNA helicases,1
helicases number,1
number cellular,1
processes RNA,1
binding alteration,1
RNA secondary,1
acids transcription,1
secondary structure,1
structure chromosomal,1
chromosomal protein,1
DNA transporter,1
transport very,1
very long,1
chain fatty,1
fatty acid-CoA,1
acid-CoA cytosol,1
cytosol peroxisome,1
peroxisome lumen,1
transfer protein,1
lipid transfer,1
acts lipid,1
lysine phenotypes,1
factor osteoblastic,1
osteoblastic differentiation,1
differentiation skeletal,1
skeletal morphogenesis,1
morphogenesis phenotypes,1
measurement coactivator,1
coactivator transcriptional,1
transcriptional activation,1
activation hormone-activated,1
hormone-activated nuclear,1
nuclear receptors,1
receptors cell,1
cell specification,1
specification phenotypes,1
measurement protects,1
protects body,1
body potent,1
potent vasoactive,1
vasoactive inflammatory,1
inflammatory peptides,1
peptides C-terminal,1
C-terminal argine,1
argine lysine,1
diabetes plays,1
membrane repolarization,1
RNA helicase,1
dopamine phenotypes,1
fibrillar adhesion,1
adhesion formation,1
diabetes release,1
measurement hypertension,1
hypertension connects,1
connects membrane,1
membrane constituents,1
constituents actin,1
pressure LDL,1
ratio converts,1
converts dopamine,1
body important,1
percentage diastolic,1
role fibrillogenesis,1
fibrillogenesis lateral,1
lateral growth,1
growth collagen,1
collagen II,1
II phenotypes,1
body mediates,1
mediates transport,1
transport high,1
high affinity,1
affinity phenotypes,1
mass fibrillar,1
checkpoint function,1
repolarization skeletal,1
epithelium organization,1
role cell/cell,1
cell/cell nervous,1
system formation,1
measurement places,1
places essential,1
role homologous,1
homologous recombination,1
recombination phenotypes,1
distribution major,1
height corneal,1
corneal epithelium,1
organization interity,1
cycle checkpoint,1
interity keratin,1
keratin expression,1
expression organization,1
organization apical,1
apical junctions,1
junctions phenotypes,1
measurement DNA,1
repair protein,1
protein postreplication,1
postreplication repair,1
repair cell,1
circumference plasma,1
membrane transporter,1
transporter uptake,1
Lys-4 H3K4,1
xenobiotics cells,1
phenotypes blood,1
circumference histone,1
histone methyltransferase,1
methyltransferase methyl,1
methyl group,1
group transfer,1
transfer S-adenosyl-L-methionine,1
S-adenosyl-L-methionine epsilon-amino,1
epsilon-amino group,1
group Lys-4,1
H3K4 phenotypes,1
uptake cells,1
height degradation,1
degradation glycine,1
glycine phenotypes,1
member aldehyde,1
aldehyde dehydrogenase,1
dehydrogenase superfamily,1
height total,1
ratio GTPase,1
GTPase activator,1
activity ATP-dependent,1
ATP-dependent RNA,1
compounds xenobiotics,1
physiological compounds,1
actively physiological,1
family actively,1
cells water,1
water soluble,1
soluble vitamin,1
vitamin B2/riboflavin,1
B2/riboflavin key,1
role biochemical,1
biochemical oxidation-reduction,1
oxidation-reduction reactions,1
reactions carbohydrate,1
carbohydrate lipid,1
lipid amino,1
amino metabolism,1
metabolism pH-dependent,1
pH-dependent electrogenic,1
electrogenic transport,1
transport actiivity,1
actiivity small,1
small amino,1
measurement entry,1
entry calcium,1
ions excitable,1
excitable cells,1
diabetes ATP-dependent,1
receptor important,1
ratio receptor,1
phase phenotypes,1
unfolded protein,1
space processes,1
processes various,1
various proproteins,1
proproteins cleavage,1
cleavage paired,1
paired basic,1
weight total,1
ratio functions,1
factor ER,1
ER stress,1
stress unfolded,1
protein response,1
measurement cilia,1
pressure microtubule,1
microtubule binding,1
body extracellular,1
matrix protein,1
protein maintenance,1
maintenance integrity,1
integrity skin,1
skin epithelium,1
epithelium maintenance,1
maintenance renal,1
renal epithelia,1
cytoplasm space,1
porphyrins cytoplasm,1
broad-spectrum porphyrins,1
transport broad-spectrum,1
muscle cells,1
cells muscle,1
contraction mediates,1
mediates voltage-dependent,1
membranes protein,1
encodes phenotypes,1
member low-density,1
lipoprotein receptor-related,1
receptor-related protein,1
body voltage-dependent,1
membranes key,1
key calcium,1
ion sensor,1
sensor calcium,1
calcium synaptic,1
synaptic vesicle-plasma,1
vesicle-plasma membrane,1
membrane fusion,1
fusion control,1
control neurotransmitter,1
release output,1
output synapses,1
synapses phenotypes,1
epithelia receptor,1
cilia beating,1
S phase,1
measurement plays,1
measurement cholestrol,1
cholestrol transport,1
transport plasma,1
membrane intracellular,1
intracellular vesicles,1
vesicles phenotypes,1
measurement catalyzes,1
catalyzes cyclization,1
cyclization GTP,1
GTP phenotypes,1
BMI triglyceride,1
plays central,1
beating respiratory,1
role ciliary,1
ciliary beat,1
beat phenotypes,1
phenotypes bod,1
bod height,1
measurement systlic,1
systlic blood,1
diabetes necessary,1
cycle progression,1
progression G1,1
G1 S,1
inflammation phenotypes,1
immunity inflammation,1
innate immunity,1
role innate,1
respiratory epithelia,1
measurement responsible,1
responsible synthesis,1
synthesis cGMP,1
cGMP rods,1
rods cones,1
cones photoreceptors,1
photoreceptors metallocarboxypeptidase,1
metallocarboxypeptidase activity,1
activity metabolic,1
processing phenotypes,1
mass role,1
role neurons,1
neurons cerebral,1
cerebral cortex,1
cortex cerebellum,1
cerebellum phenotypes,1
diabetes role,1
role epidermal,1
epidermal differentiation,1
differentiation epidermal,1
epidermal adhesion,1
adhesion embryonic,1
localization membrane,1
stabilization ion,1
proteins preprotein,1
body protein,1
complex important,1
important male,1
male fertility,1
fertility movement,1
movement organelles,1
actin filaments,1
measurement proper,1
proper formation,1
formation maintennace,1
maintennace myofibers,1
myofibers ciliogenesis,1
gene protein,1
component MCM2-7,1
gene iron,1
iron metabolism,1
metabolism host,1
host resistance,1
resistance certain,1
certain pathogens,1
pathogens phenotypes,1
pressure central,1
mellitus lean,1
index transfer,1
transfer phosphatidylcholine,1
MCM2-7 complex,1
ratio high-affinity,1
role expansion,1
sequential steps,1
functions NK,1
NK cells,1
cells liver,1
liver actin,1
actin remodeling,1
remodeling necessary,1
migration growth,1
growth phenotypes,1
circumference fourth,1
fourth fifth,1
fifth sequential,1
steps CoA,1
hyperacetylation pathway,1
CoA biosynthetic,1
biosynthetic pathway,1
BMI regulates,1
regulates maturation,1
maturation trafficking,1
trafficking transmembrane,1
transmembrane metalloprotease,1
metalloprotease ADAM10,1
ADAM10 phenotypes,1
measurement histone,1
histone hyperacetylation,1
phosphatidylcholine membranes,1
body structural,1
component 10-12,1
early late,1
Phenotypes peptic,1
peptic ulcer,1
ulcer disease,1
disease asthma,1
asthma alzheimer,1
alzheimer disease,1
gene acts,1
component GARP,1
GARP complex,1
retrograde transport,1
transport early,1
late endosomes,1
10-12 nm,1
endosomes trans-Golgi,1
trans-Golgi network,1
network phenotypes,1
pressure glycotransferase,1
glycotransferase biosynthesis,1
biosynthesis heparan-sulfate,1
heparan-sulfate phenotypes,1
body supplies,1
supplies Golgi,1
nucleolar RNA-associated,1
apparatus calcium,1
gut Phenotypes,1
barrier gut,1
mucous barrier,1
insoluable mucous,1
nm diameter,1
diameter microfibrils,1
microfibrils extracellular,1
acts guanine,1
guanine exchange,1
exchange factor,1
factor Rab5,1
Rab5 GTPase,1
encodes unconventional,1
myosin phenotypes,1
mass hip,1
body component,1
component MRE11-RAD50-NBN,1
MRE11-RAD50-NBN complex,1
pressure enable,1
enable amino,1
amino acid,1
acid transmembrane,1
activity central,1
sclerosis BMI-adjusted,1
circumference cancer,1
cancer Parkinson,1
protein insoluable,1
expansion functions,1
distribution plays,1
ion transporters,1
mass LDL,1
muscle response,1
response insulin,1
insulin phenotypes,1
circumference role,1
role formation,1
formation regulation,1
regulation mitochondrial,1
mitochondrial permeability,1
permeability transition,1
transition pore,1
pore phenotypes,1
distribution type,1
motility proliferation,1
ion permeabilty,1
permeabilty excitable,1
mass length,1
length motile,1
motile cilia,1
cilia depolaymeriation,1
depolaymeriation microtubules,1
microtubules ciliary,1
ciliary tips,1
tips Extracellular,1
Extracellular matrix,1
proliferation muscle,1
regulates motility,1
circumference Phenotypes,1
body role,1
together actin,1
actin thin,1
thin filaments,1
filaments fundamental,1
fundamental contactile,1
contactile unit,1
unit skeletal,1
skeletal cardiac,1
cardiac muscle,1
height links,1
links actin,1
role cytoskeleton,1
body regulates,1
membrane neural,1
circumference waist,1
waist height,1
height ratio,1
component post-replicative,1
post-replicative DNA,1
DNA mismatch,1
mismatch repair,1
repair system,1
measurement applendicular,1
applendicular lean,1
matrix inner,1
ear stereocilia,1
stereocilia bundles,1
huntingtin proteins,1
mutagens Phenotypes,1
encodes tumor,1
suppressor essential,1
essential cell,1
proliferation Drosophila,1
Drosophila development,1
mellitus obesity,1
obesity carotid,1
build encodes,1
protein class,1
class huntingtin,1
proteins WW,1
bundles specialized,1
WW motifs,1
motifs Phenotypes,1
height gene,1
gene ferlin,1
ferlin family,1
family skeletal,1
muscle protein,1
protein sarcolemma,1
sarcolemma Phenotypes,1
height bone,1
density BMI-adjusted,1
carcinogens mutagens,1
many carcinogens,1
electrophiles many,1
variety electrophiles,1
specialized sensory,1
sensory hair,1
cells Sound,1
Sound movement,1
movement hair,1
cells tectorial,1
tectorial membrane,1
membrane stereocilia,1
stereocilia fluctuations,1
fluctuations hair-cell,1
hair-cell membrane,1
membrane potential,1
potential sound,1
sound electrical,1
electrical signals,1
Phenotypes late-onset,1
disease outcome,1
outcome severity,1
severity measurement,1
measurement conjugation,1
conjugation reduced,1
reduced glutathiones,1
glutathiones variety,1
calcium manganese,1
manganese ions,1
ions phenotypes,1
DNA helicase,1
similar muscle,1
muscle weakness,1
weakness proximal,1
proximal distal,1
distal muscles,1
muscles Phenotypes,1
mellitus cup-to-disc,1
cup-to-disc ratio,1
body open-angle,1
glaucoma BMI-adjusted,1
circumference DNA,1
helicase protein,1
protein structurally,1
repair chromatin,1
chromatin relaxation,1
relaxation DNA,1
damage Phenotypes,1
weight hemoglobin,1
body muscle,1
contraction efficent,1
efficent transferrin-dependent,1
transferrin-dependent iron,1
iron uptake,1
uptake erythroid,1
structurally similar,1
carcinoma Encodes,1
promotes microtubule,1
subunit large,1
kidney skeletal,1
disorder process,1
process leukotriene,1
leukotriene B4,1
B4 potent,1
potent mediator,1
mediator inflammation,1
inflammation Phenotypes,1
Phenotypes CAD,1
CAD ncodes,1
ncodes subunit,1
complex vacuolar,1
breast carcinoma,1
vacuolar H+-ATPase,1
H+-ATPase pump,1
pump protons,1
protons membrane,1
circumference bone,1
density localizes,1
localizes endoplasmic,1
reticulum molecular,1
molecular chaperone,1
chaperone Phenotypes,1
ratio breast,1
erythroid cells,1
body attachment,1
measurement neural,1
circumference CVD,1
membrane endosomes,1
endosomes lysosomes,1
lysosomes mediates,1
mediates intracellular,1
intracellular cholesterol,1
cholesterol binding,1
binding cholesterol,1
cholesterol N-terminal,1
N-terminal domain,1
percentage body,1
mellitus hip,1
CVD Obesity,1
pressure mediates,1
Obesity waist,1
Encodes kD,1
kD nuclear,1
nuclear phosphoprotein,1
phosphoprotein role,1
role genomic,1
genomic stability,1
stability tumor,1
suppressor Phenotypes,1
member carboxypeptidase,1
carboxypeptidase family,1
protein membrane,1
process large,1
mannose metabolic,1
activity mannose,1
mediates electroneutral,1
electroneutral potassium-chloride,1
potassium-chloride cotransport,1
cotransport cell,1
cell HDL,1
mass probable,1
probable cell,1
membrane receptor,1
receptor IGF-like,1
IGF-like family,1
proteins key,1
key activator,1
activator integrated,1
integrated stress,1
stress response,1
response mitochondrial,1
mitochondrial stress,1
stress phenotypes,1
role sperm,1
sperm motility,1
motility integral,1
body alpha-mannosidase,1
alpha-mannosidase activity,1
lung kidney,1
skin lung,1
elements skin,1
site magnesium,1
BMI type,1
body cytoskeletal,1
cytoskeletal linker,1
linker protein,1
hydrolyzes esters,1
esters encodes,1
family essential,1
sheath functions,1
functions homodimer,1
homodimer catalytic,1
catalytic site,1
magnesium zinc,1
other lipids,1
zinc ions,1
ions enzymatic,1
enzymatic function,1
circumference Catalyzes,1
Catalyzes many,1
many reactions,1
reactions drug,1
drug metabolism,1
metabolism synthesis,1
synthesis cholesterol,1
cholesterol steroids,1
brain development,1
regulator brain,1
chromatin regulator,1
anorexia chromatin,1
microtubule assembly,1
regulates Rho,1
Rho stimulatign,1
stimulatign GTPase,1
GTPase activity,1
activity neurons,1
neurons phenotypes,1
height diastolic,1
circumference breakdown,1
breakdown glycolipids,1
glycolipids phenotypes,1
role cholesterol,1
cholesterol metabolism,1
acts tumor,1
suppressor role,1
role apoptosis,1
apoptosis phenotypes,1
height ghrelin,1
ghrelin measurement,1
waist cirucmference,1
cirucmference gut,1
obesity type,1
diabetes anorexia,1
steroids other,1
lipids Phenotypes,1
skeletal elements,1
enzyme glycogenesis,1
most common,1
common form,1
form syndromic,1
syndromic deafness,1
deafness autosomal-recessive,1
autosomal-recessive disease,1
disease Phenotypes,1
ratio ulcerative,1
colitis CAD,1
Encodes muscle,1
muscle enzyme,1
glycogenesis Phenotypes,1
weight autism,1
scoliosis ADHD,1
ADHD force,1
force ciliary,1
ciliary beating,1
beating energy,1
energy ATP,1
ATP hydrolysis,1
hydrolysis Highly,1
Highly fetal,1
fetal tissues,1
tissues skeletal,1
syndrome most,1
Pendred syndrome,1
transcription Pendred,1
replication transcription,1
disorder Alzheimer,1
member spectrin,1
spectrin gene,1
Phenotypes radius,1
radius bone,1
density type,1
mellitus HbA1c,1
Encodes Kruppel-associated,1
Kruppel-associated box,1
box KRAB,1
KRAB zinc,1
zinc finger,1
finger protein,1
protein nucleic,1
nucleic acids,1
acids important,1
important roles,1
roles various,1
various cellular,1
cellular functions,1
functions cell,1
apoptosis viral,1
viral replication,1
filaments together,1
thick filaments,1
bipolar thick,1
psuedogene Golgi,1
peripheral nervous,1
nervous systems,1
systems regulation,1
regulation proliferation,1
differentiation survival,1
survival symaptehtic,1
symaptehtic nervous,1
nervous neurons,1
neurons body,1
body non-transcribed,1
non-transcribed psuedogene,1
Golgi organization,1
central nervous,1
organization spindle,1
spindle assembly,1
Phenotypes sucrose,1
sucrose liking,1
liking measurement,1
measurement myopia,1
myopia hypermetropia,1
hypermetropia schizophrenia,1
member pore-forming,1
subunit potassium,1
H Phenotypes,1
system peripheral,1
maturation central,1
mouse chickens,1
proliferation Phenotypes,1
neuron development,1
BMI Mediates,1
Mediates protein-protein,1
protein-protein interactions,1
interactions integrin,1
integrin activation,1
activation Plays,1
Plays role,1
adhesion migration,1
migration differentiation,1
differentiation proliferation,1
ratio Active,1
development maturation,1
Active cytoplasm,1
cytoplasm Chromic,1
Chromic pulmonary,1
pulmonary disease,1
protein filtration,1
rate regulation,1
regulation transcription,1
II receptor,1
receptor tyrosine,1
tyrosine kinase,1
kinase development,1
mellitus BMI,1
disease diabetic,1
diabetic nephropathy,1
such cytoskeletal,1
proteins DNA,1
DNA function,1
function transcription,1
transcription regulators,1
regulators encodes,1
protein FN3/SPRY,1
FN3/SPRY family,1
Enables several,1
several vital,1
vital functions,1
functions such,1
cytoskeletal binding,1
nephropathy fat,1
disease type,1
diabetes encodes,1
encodes golgin,1
golgin structurally,1
structurally family,1
member GOLGA2,1
GOLGA2 share,1
share similar,1
similar function,1
Phenotypes schizophrenia,1
Encodes highly,1
zinc-finger proteins,1
unknown zinc-finger,1
function unknown,1
exact function,1
Encodes glycosylphosphatidylinositol-anchored,1
glycosylphosphatidylinositol-anchored cell,1
membrane glycoprotein,1
glycoprotein prostate,1
prostate bladder,1
bladder placenta,1
placenta colon,1
colon kidney,1
kidney stomach,1
stomach Phenotypes,1
BMI gastric,1
gastric carcinoma,1
carcinoma duodenal,1
duodenal ulcer,1
ulcer schizophrenia,1
schizophrenia Possibly,1
Possibly apoptotic,1
apoptotic signaling,1
signaling pathways,1
pathways mitochondrial,1
mitochondrial morphology,1
morphology Phenotypes,1
measurement exact,1
enteric neuron,1
role enteric,1
lumen Phenotypes,1
proximal epididymal,1
Phenotypes lobe,1
lobe size,1
size gut,1
gut measurement,1
pressure orphan,1
orphan RTK,1
RTK role,1
role epithelial,1
cell differentiatio,1
differentiatio regionalization,1
regionalization proximal,1
epididymal epithelium,1
acts scavenger,1
epithelium phenotypes,1
measurement NMP,1
NMP kinase,1
kinase reversible,1
reversible transfer,1
transfer terminal,1
terminal phosphate,1
phosphate group,1
group nucleoside,1
nucleoside triphosphates,1
triphosphates monophosphates,1
compounds Phenotypes,1
phenol-containing compounds,1
PAPS phenol-containing,1
moiety PAPS,1
transporters ion,1
ion channels,1
channels several,1
several cell,1
types phenotypes,1
pressure interactions,1
interactions cells,1
cells extracellular,1
II conventional,1
conventional myosin,1
chains functions,1
functions skeletal,1
capacity handedness,1
handedness hearing,1
vision member,1
member USH2,1
USH2 complex,1
triglyceride change,1
protein SULT1,1
SULT1 subfamily,1
subfamily responsible,1
responsible sulfo,1
sulfo moiety,1
monophosphates phenotypes,1
scavenger receptor,1
reticulum lumen,1
messenger pathway,1
gene cluster,1
cluster Phenotypes,1
Phenotypes systolic,1
pressure vital,1
capacity role,1
role vesicle,1
vesicle maturation,1
maturation exocytosis,1
exocytosis target,1
target diglycerol,1
diglycerol second,1
circumference gut,1
receptor low,1
diabetes fat,1
mass carbohydrate-binding,1
carbohydrate-binding activity,1
Phenotypes longevity,1
longevity PHF-tau,1
measurement atrial,1
atrial natriuretic,1
natriuretic factor,1
factor measurement,1
measurement central,1
peptides endoplasmic,1
alpha gene,1
protocadherin alpha,1
member protocadherin,1
circumference transmembrane,1
lipoprotein phenotypes,1
BMI large,1
large transmembrane,1
protein regulation,1
regulation neuronal,1
neuronal development,1
scoliosis PHF-tau,1
measurement multiligand,1
multiligand endocytic,1
endocytic receptor,1
measurement lymphangioblast,1
lymphangioblast budding,1
budding angiogenic,1
angiogenic sprouting,1
sprouting venous,1
venous endothelium,1
endothelium embryogenesis,1
embryogenesis phenotypes,1
Encodes Phenotypes,1
Phenotypes uterine,1
uterine fibroid,1
fibroid menorrhagia,1
menorrhagia BMI-adjusted,1
highly gene,1
chickens Enables,1
forms bipolar,1
concentrations methylarginines,1
anxiety disorder,1
disorder synthesis,1
synthesis omega-O-acylceramides,1
omega-O-acylceramides phenotypes,1
height diastolc,1
diastolc blood,1
pressure roles,1
roles nitric,1
oxide generation,1
generation cellular,1
cellular concentrations,1
methylarginines turn,1
lymphocytic leukemia,1
turn inhibit,1
inhibit nitric,1
oxide synthase,1
synthase activity,1
mass Phenotypes,1
disease blood,1
measurement acyl-CoA,1
acyl-CoA synthetase,1
synthetase activation,1
activation bile,1
bile acids,1
leukemia anxiety,1
chronic lymphocytic,1
Enables RNA,1
Phenotypes variablity,1
distal axoneme,1
axoneme microtubule,1
microtubule motile,1
motile axonemes,1
axonemes Regulates,1
Regulates molecular,1
molecular events,1
events interface,1
interface cell,1
membrane cytoplasm,1
cytoplasm Phenotypes,1
variablity measurements,1
myeloma chronic,1
measurements heart,1
rate heart,1
rate response,1
response exercise,1
exercise mean,1
volume RNA,1
RNA activity,1
circumference Hodgkin,1
Hodgkin lymphoma,1
lymphoma multiple,1
multiple myeloma,1
acids formation,1
formation bile,1
bile acid,1
Lys-16 phenotypes,1
HGF activator,1
activator phenotypes,1
circumference component,1
component histone,1
histone acetyltransferase,1
acetyltransferase complex,1
complex responsible,1
responsible majority,1
majority histone,1
histone H4,1
acetylation Lys-16,1
component Golgi,1
acid CoA,1
Golgi matrix,1
phenotypes longitudinal,1
measurement interacts,1
interacts cytoplasmic,1
cytoplasmic domain,1
domain numerous,1
numerous receptor,1
receptor kinases,1
kinases down-stream,1
down-stream signaling,1
body forms,1
inhibitor HGF,1
height inhibitor,1
kinase phenotypes,1
serine/threonine-protein kinase,1
CoA thioesters,1
thioesters necessary,1
necessary subsequent,1
subsequent conjugation,1
conjugation glycine,1
glycine taurine,1
taurine enables,1
enables heterodimerization,1
heterodimerization activity,1
activity protein,1
protein methytransferase,1
methytransferase activity,1
ratio high,1
BMI exhibits,1
exhibits hydrolase,1
hydrolase activity,1
activity substrate,1
substrate p-nitrophenyl,1
p-nitrophenyl acetate,1
acetate phenotypes,1
phenotypes BMI-asjusted,1
BMI-asjusted waist,1
BMI serine/threonine-protein,1
integrity distal,1
alignment integrity,1
motility alignment,1
homologue bacterial,1
gonadotropin CG,1
CG Phenotypes,1
BMI bone,1
density vitiligo,1
vitiligo Encodes,1
member integrin,1
integrin alpha,1
alpha chain,1
disease second,1
second human,1
human homologue,1
bacterial RuvB,1
glycoprotein member,1
RuvB gene,1
Phenotypes asthma,1
asthma hCG,1
hCG measurement,1
measurement ureagenesis,1
ureagenesis NAG,1
NAG availability,1
availability subsequently,1
subsequently CPSI,1
CPSI activity,1
weight appendicular,1
chorionic gonadotropin,1
subunit chorionic,1
beta subunit,1
family beta,1
enzyme activator,1
disorder substance,1
substance abuse,1
abuse antisocial,1
antisocial behaviour,1
behaviour measurement,1
measurement glomerular,1
rate all-trans-retinol,1
"all-trans-retinol 13,14-reductase",1
"13,14-reductase activity",1
weight cancer,1
cancer CAD,1
CAD MI,1
MI positive,1
regulation myoblast,1
myoblast differentiation,1
differentiation positive,1
regulation myotube,1
myotube differentiation,1
differentiation member,1
member glycoprotein,1
glycoprotein hormone,1
hormone beta,1
mass glycoprotein,1
member NADPH,1
ciliary/flagellar motility,1
BMI longitudinal,1
interactions neurites,1
neurites specifc,1
specifc subsets,1
subsets neurons,1
neurons development,1
body activates,1
activates HECT,1
HECT domain-containing,1
domain-containing E3,1
ubiquitin-protein ligases,1
ligases phenotypes,1
mass sperm-oocyte,1
NADPH oxidase,1
sperm-oocyte interaction,1
interaction fertilization,1
functions specific,1
specific ammonium,1
ammonium transporter,1
transporter phenotypes,1
BMI waist-hip,1
component N-DRC,1
N-DRC key,1
key regulator,1
regulator ciliary/flagellar,1
BMI systolic,1
phneotypes body,1
substrates phneotypes,1
triphosphates substrates,1
disease Hypermetropia,1
Hypermetropia Myopia,1
Myopia appendicular,1
mass Enables,1
Enables identical,1
identical protein,1
disease transcription,1
transcription genes,1
genes cAMP,1
cAMP response,1
response element-binding,1
element-binding protein,1
role many,1
many cellular,1
processes Phenotypes,1
Phenotypes atrial,1
atrial fibrillation,1
fibrillation odorant,1
receptor transcription,1
transcription DNA,1
DNA RNA,1
RNA ribonucleoside,1
ribonucleoside triphosphates,1
disease adolescent,1
